<?xml version="1.0" encoding="UTF-8"?>
<project-private xmlns="http://www.netbeans.org/ns/project-private/1">
    <editor-bookmarks xmlns="http://www.netbeans.org/ns/editor-bookmarks/2" lastBookmarkId="0"/>
    <open-files xmlns="http://www.netbeans.org/ns/projectui-open-files/2">
        <group>
            <file>file:/C:/xampp/htdocs/cloudTesting/logout.php</file>
            <file>file:/C:/xampp/htdocs/cloudTesting/db.php</file>
            <file>file:/C:/xampp/htdocs/cloudTesting/register.php</file>
            <file>file:/C:/xampp/htdocs/cloudTesting/products.php</file>
            <file>file:/C:/xampp/htdocs/cloudTesting/cart.php</file>
            <file>file:/C:/xampp/htdocs/cloudTesting/style.css</file>
            <file>file:/C:/xampp/htdocs/cloudTesting/checkout.php</file>
            <file>file:/C:/xampp/htdocs/cloudTesting/index.php</file>
            <file>file:/C:/xampp/htdocs/cloudTesting/login.php</file>
        </group>
    </open-files>
</project-private>
